x,y
20.67540181309726,-60.159333409958755
13.645408011734943,-36.06746259667739
7.757001033615502,-19.711173197848577
15.449702062194039,-42.648631391367076
22.347289832182863,-63.3270574353693
13.602283443576745,-35.39815109741666
2.5494333258318562,-2.342473191870387
13.999558203580994,-41.71762732203428
-3.274850178968153,12.772044479183851
15.877581115869317,-45.38535657361744
14.623949170517948,-41.896724917565784
8.455802437731387,-25.613961484126868
15.178045819368716,-44.45170072304203
14.538243140873973,-40.66936220485252
18.596088264211296,-55.07512412387972
3.8720305721043022,-7.452591575084804
20.944674734064094,-64.8800464577117
17.958539205407302,-54.861057432492764
11.147711259279474,-30.460625406300274
13.176456416789614,-37.37647738563573
3.61414958771509,-4.714814377820568
5.553045001805253,-13.579330264158028
7.060485817857598,-20.596950160010934
9.679087510927637,-27.620241522781324
13.750992472132953,-40.695489729735336
14.40499537109124,-43.08041959795374
6.4469996896735005,-16.324181120140842
5.250742814957809,-12.99746152601132
25.51735665136087,-77.98465306822119
12.644504946890219,-34.326932644405716
17.203691493314448,-50.875348552903795
15.530680197125989,-45.89623786101634
15.294841412256996,-40.626733144895816
13.773770992557647,-39.16562378473752
10.479196587058786,-25.850778217173644
16.05147711270533,-44.99958472319017
2.701516482586788,-2.964516168214283
14.002893430281894,-38.683194504152496
22.328864518762614,-67.48409871226626
8.903341958018245,-21.544854246840302
10.258732411110632,-28.257199807611105
21.5923749799,-58.77761649807375
18.902183345467627,-55.68492046601413
7.480447655645966,-20.9947750069553
20.734538034820975,-59.91011983719714
33.302943759910086,-102.94702122986848
13.884997205061048,-40.94729601922582
11.607598816698014,-30.425542624075508
20.242804388320966,-58.956310160911066
14.472981388649872,-42.453507012829576
16.839557454622017,-50.92059713229456
13.866009213111573,-38.80113753868084
10.012068378375417,-27.87319444730882
9.951907423313028,-29.30925996617936
11.796236879054039,-34.949165336296645
16.366373889148868,-46.7701682647937
14.897222503166287,-42.94722446819668
14.179367100793367,-38.59977044054846
8.652714799244325,-23.51018727028891
18.124932407886085,-54.93939528802192
18.53165641272252,-55.62027759001412
7.427176064237015,-16.721477245424204
3.0509333012539237,-6.681907218533098
14.95939885167671,-43.30709339977122
12.748650239127155,-38.17079513293025
5.309446420123204,-11.328084191821723
24.75109537160843,-75.3066956608697
13.857257720212722,-35.79470457891458
14.939441836667157,-47.46222728265592
23.514253314034878,-67.70237599180346
19.647125213138317,-57.7753220555843
19.32803867054695,-55.664258658476676
1.038450750374226,3.9263938769565137
18.031418716287135,-55.51822086435618
7.0017050816889705,-19.40989312911632
9.41097564956829,-23.42339126189466
18.106977711628844,-50.4034894123015
10.876523182374443,-26.60447768300561
18.274972186509203,-57.45190979918312
13.548698423442804,-38.612690113283236
11.00859619983786,-30.56633950810448
16.12464193776472,-49.84761784959286
15.154194276164997,-43.44038947622749
21.11052370227098,-65.29939220804654
8.688176541555698,-23.122846402142667
10.015454698632839,-25.675159957412436
15.206442481798216,-43.20470986188228
16.018589971876622,-43.79581320302256
11.675062657069695,-31.59084475372347
12.337655536098028,-34.33779378179057
23.43636685201403,-73.96483440284116
21.855745773851346,-63.456125854515626
5.176644443473815,-10.017528165056635
18.794808691765887,-54.343757720047826
14.899690812934438,-42.63952794995304
14.808679653430428,-39.52374895377592
-1.9650040345460607,11.123610115522556
14.592429657724981,-42.212150760265956
17.67678492892083,-49.86846029167747
12.783015016760482,-36.58408945487567
20.626866451558772,-61.23801509161508
4.984059662598203,-11.531088726121252
16.1857584363027,-47.762121152291634
15.013649139574028,-40.60548519125541
6.806469308428165,-19.27126360572395
7.065845438405917,-15.129987378254215
4.954835573273685,-13.541731916398538
7.902320010503169,-19.220151749603477
13.529862165785513,-38.145963029951986
8.211205763164966,-18.63086843998231
11.66376359933798,-32.02260537835654
16.00002615481548,-45.5960879613527
12.305861746869429,-34.509770633234865
12.337416536533649,-32.62037704473672
8.707686837039954,-25.645202175282492
13.796426980124727,-41.942068014688815
14.506758423438495,-41.23132141127485
3.986986449903828,-7.7387010759206065
12.576018222480224,-36.25912482058316
9.276998393509757,-25.947894289394
20.99828436319816,-62.743992994283396
15.979213810884415,-46.07648435558455
8.817853671019883,-26.065758415689295
6.925622857637938,-14.03231643040425
14.561656786483766,-43.32501886300927
-0.3980575095811325,7.558711201096956
20.422575825858665,-60.499063114194406
10.53107231914813,-30.28985850444842
13.1987355713947,-39.87971253877241
18.62392692085167,-57.11166532341742
14.061402431219925,-40.50957481662186
19.844062585097273,-58.84230451329864
17.63237590267876,-50.04247070309797
19.14608869186955,-55.9672510917673
20.72973112714707,-61.449719104367155
13.920019284813641,-40.483144280602566
17.96078184477566,-55.65045576267041
11.013753322910892,-27.068678663217895
9.581149355699303,-25.45301865421202
22.83410655203104,-69.55133371126027
19.423922423030113,-57.55083530780605
9.426974124213732,-24.373216602674432
10.46016905872041,-24.9212215195507
15.866315316037113,-44.63814887005253
16.466461569838255,-49.86762149620751
10.741756446856595,-28.33043228286898
6.019947210830911,-16.60638022636593
10.72261023800539,-28.098941068781386
16.56048143312998,-45.71180769763793
15.125649938477162,-42.28922452633306
3.916903589637645,-10.370393955770844
1.9408534885354847,-3.6875015360336274
27.252841760216565,-81.32584079360855
15.434429784267724,-43.68288107030404
4.537889752488958,-9.618024207503288
18.698071938601302,-53.85444920796359
1.696701876602754,-0.19461604975335556
3.967640050417236,-7.227577799177143
12.394771253039757,-31.90135821577031
5.883483907439038,-12.534020800150667
2.7628883702169524,-4.8574430802245985
18.355776497142276,-55.33974147274852
7.132013891843573,-17.435894251671876
15.9647980456092,-49.97853394459306
13.438531409875283,-36.604777172634954
20.549459600132156,-61.82417896525202
14.253023755117495,-39.42547843046768
12.83926629518441,-37.669620965799126
15.481091163157217,-47.9197255605772
20.741290530314984,-63.73974007158065
16.346476822606846,-49.32276305096407
0.7016395066315511,3.6093572929859237
6.533165771299791,-14.44620440415886
16.173045904486308,-49.0566916229382
12.88116644894854,-35.69423304302366
8.79240723193557,-23.130925488946644
9.021266586647947,-27.56245609688283
1.8237970224823936,2.003435844229788
17.175765149174993,-51.95966393741472
17.222462210872116,-50.37568618277123
2.650936225471762,-1.2430654379365969
9.621677634455384,-26.509623383971082
5.141687747642705,-12.93290422312808
17.29045282218179,-49.29381138952716
17.412646259850025,-49.93692611084035
12.385789396150374,-36.28724381467412
14.860986856332158,-40.163028009588466
9.921692318456625,-25.131109144050534
12.458335872135722,-33.183241683538235
10.736351184388546,-28.786025360474955
7.134182549273422,-17.553918358227406
11.161890632345486,-30.459342096544475
4.9649916064975965,-11.11283978552486
9.142378137187048,-22.236773486093394
9.207429403350845,-26.53753624953392
12.775498294368367,-34.42381775295219
14.90062725750478,-41.027832483159756
8.799612358261466,-26.863383975910406
1.3378492140907365,2.6639311946884443
14.292614469558583,-41.63326114960774
6.905164575406305,-18.853158480259754
12.64070893384627,-35.89157853412818
20.8468542850253,-62.59229904707545
19.845967142653322,-59.18371593939978
12.360382964136758,-36.120695210095874
7.406858478759581,-17.947274306628106
19.882001486559457,-60.921802418572625
15.573172765512997,-47.30916015323224
9.378080985849449,-25.016371688681833
13.288472787158435,-34.79430675009776
15.814962120625026,-44.94674539264284
15.99034205976092,-42.73296854404439
6.393355603976128,-16.061715355624234
9.890435659189116,-28.616526694697306
15.273291386275714,-44.42673425958871
16.191540708382725,-49.48475322114762
14.880606428874257,-39.922773959699235
18.826845763397223,-60.70677861892922
7.477340188381449,-19.07799471026466
6.661932564753419,-21.269927856086966
18.518446342161027,-56.10786381755962
7.053866707017994,-19.381656564837463
9.53597110568646,-23.285018399773108
26.681984328672833,-84.03130064205543
13.218371369389144,-36.72136765558671
14.253953384640361,-42.65501946414593
14.166787465547385,-41.3360134667762
-3.2370537761180618,14.159286451196591
6.426157236357987,-13.958951236110213
9.8748422871583,-24.27521662435465
3.720012766331223,-5.122898544036459
5.823442802617716,-13.489760785289901
6.307544598433002,-15.745420044794619
9.30274273682431,-23.866641708645684
14.062907309187256,-41.15824930861273
6.222247837999096,-13.813826698172106
22.263204654800784,-64.52706843964715
4.7627180194520875,-9.094455085169152
16.922952728945354,-50.4559803115258
14.98151464071757,-44.005863337926215
15.420407660343521,-44.14964372323427
10.805025818617175,-33.07878265049886
-2.193953901865882,10.383318109374478
12.130660096523915,-35.41225738802201
18.063007979064515,-51.75858689183226
9.954323486357044,-29.049957258972746
15.344119347276996,-43.690981387769625
11.72881382501681,-32.94778638068478
14.620146869567707,-43.22989459180734
1.738152536870146,1.3128985900876209
21.54446983068079,-62.27466837647734
2.3198041568131096,-4.9083091790919156
-3.21474224344977,16.196659308096365
4.611981993360255,-9.377751351837638
8.542428827541187,-21.442370083188248
2.4882851124922336,-2.6009282958190165
14.594329062638757,-42.48256169806517
10.182208951412948,-29.39578810797237
19.37690191141725,-57.94482651722325
11.31658358150109,-30.68216208944322
17.865464324272157,-55.18408041140802
12.677909265715604,-34.88961016953734
14.093459279026279,-41.231212786916416
14.18108064333698,-43.54749099556773
8.667885163579863,-26.472214674660925
7.890186368287473,-18.528973978161815
10.671051665046216,-32.1894417557021
19.703776566723548,-61.29789080701057
18.65936320483031,-56.1013407839641
2.9180632085068297,-3.1878820365353198
11.136921202145768,-29.412805211779684
34.04485741671256,-105.05002589144203
8.551448629990292,-23.003400631457165
16.255513094826643,-48.410735774590385
10.914615780355367,-26.616477138890787
2.0700504518745646,1.1217386362352197
18.821726623249496,-53.18216738735798
2.6371062059739003,-2.1173915407760635
9.9302852798088,-24.198641923339583
15.860931943970929,-43.32929988551955
11.23520163727421,-30.859714880244905
12.906559422253576,-32.40339944122654
12.513146094343233,-36.81560797677823
8.048708826903884,-20.82804212007734
7.526115898403181,-17.082683421002905
6.442255464249623,-18.569119318967942
8.606819746501749,-22.731854240929998
18.299208389432447,-54.07326298139304
15.428608279152591,-44.98789312476799
17.344164584107038,-48.42455699456458
13.739241415686944,-34.594100638366065
15.751643620093095,-47.556721678333886
16.19249741500549,-49.620444473483495
5.102112427734193,-11.240192564843014
5.120900630067744,-12.361218232297977
5.64521735009411,-12.860705818981524
14.380901146601666,-40.240983537108896
17.454105689844546,-51.10698910046604
11.181221728108365,-29.296184846261603
5.860448276086332,-16.016702186723943
11.808700793417371,-31.429514213129067
3.9534908506394615,-7.95890450410264
11.956940443976055,-30.554713030462867
11.371227290881254,-33.29089263068034
14.975759563664184,-41.288547700120034
19.85351863456742,-59.88854309159226
0.6831833452819112,3.136144860115783
4.536019438473102,-4.778611107478865
5.818968470180227,-15.263547465538142
8.074649303007424,-17.762983922880096
19.64976046096917,-58.03499702551257
16.251354630480616,-45.205900331620796
9.881870514572078,-25.708878921637837
15.360870200788144,-44.03622071069186
21.749261465434703,-66.05363894753725
14.526938864255259,-45.57793751859468
15.327214167395354,-46.56169458543125
14.163453875063748,-39.71946642705157
-0.8104074109976462,9.94216084761077
17.3062955589295,-55.344336490597534
12.85215138144982,-35.42621298007438
8.087962000180926,-18.414261224020148
10.707578681519575,-31.149482558538917
-1.1624818880473295,6.605181854814942
29.657162006142542,-92.13510597590202
15.664207955385029,-47.18275953893358
5.160288623270419,-12.72594412204421
26.64341271059955,-82.71703877786997
14.260174806947294,-44.69189018150179
11.544808554328432,-32.1527387282442
10.050763914309357,-28.37082144159485
7.8498294042162895,-19.320384174220543
10.742054835954985,-34.13930104559399
12.893412006789358,-38.15615470287207
8.037497348165147,-19.5681899875505
6.8899008702070175,-19.4047793963789
9.497507130204987,-25.585516840411966
5.139338441396646,-11.725889349008012
16.31411805171743,-46.46136071256663
15.213817390608092,-42.67680722620007
21.720336853298136,-64.3830350482049
15.024920536782002,-42.85761090356666
11.7566683093293,-29.106155070135866
18.46307958324567,-52.07518036433079
12.172623854554304,-34.2361274404549
5.644666177590062,-12.703066080704101
17.30117565723993,-49.869540534360254
11.98681777758068,-34.679933695058715
9.948293311846843,-25.965383897786044
7.033155311540409,-20.81674453168881
13.782754560512899,-39.076547536378506
12.055503197391165,-38.43453866349274
3.778331769296768,-7.536266734455354
15.971794937564878,-47.19666844215083
20.04821663786783,-60.282643263033336
10.597821698256542,-29.283646434737655
3.540745150050416,-3.50455722111481
18.62114629924502,-54.119540330053724
13.87753221844632,-37.56879963690515
10.687032662502016,-28.93587398077021
17.03191752881936,-48.43249331127916
6.6422787694199865,-17.255885473113487
13.961244253359174,-36.68095276159895
4.853470894127166,-14.06335304526379
9.892084506606516,-28.97428281316126
5.195303723161988,-14.530659662432972
21.50231821721424,-66.400484045353
7.714710199797048,-22.376360451911975
8.916521953900247,-26.25950922326665
22.9936168419159,-66.63591285021707
4.518674244293486,-7.945750486035761
16.875795611427353,-53.244605255481204
4.124094535757072,-9.280863322044342
-1.1205094873308425,8.419413049991688
5.594007149543756,-14.496028578337652
16.180726786533796,-46.371366246719
14.013470217674165,-39.89438501569361
20.818320459933368,-64.36768986245798
9.471573529524587,-26.075999071183382
6.9845018189974555,-15.937019083973045
7.884457779305939,-21.7826739819992
21.159916019203802,-63.4184429698362
8.004061219264894,-18.551898946395514
4.942858581672194,-10.744253246657241
8.26366422005281,-22.88652772430703
19.616394363366933,-55.15395567689963
9.332975183590552,-27.802620877918624
10.044833079890527,-30.32202325615313
8.611611100552196,-21.853652123689397
15.161360306435109,-46.303758180390254
15.466974841348414,-44.76479082059891
17.90101542580608,-50.65701006094215
8.13341854897283,-24.277116458267916
16.679899581045294,-51.05507210616717
8.0685640407992,-20.383827513781455
3.946248837953787,-8.022367378005924
19.124923100885958,-54.756241858436326
24.019921049522726,-73.99286015431079
0.936868601461601,1.8156462580985568
5.35820143811182,-10.839542131157998
7.779356627746706,-19.077871242655803
1.9007867617628076,-4.890209110980439
13.92655961639765,-40.181427620244385
7.109296679648459,-16.706961713318933
4.126067433634134,-10.353690814872003
11.11932026469271,-28.048608924214083
7.843140040610565,-20.499012613447317
14.311563223237272,-40.315966437301874
15.969600327906925,-49.51686150338592
11.320096207614842,-31.529174498987715
10.653605625523472,-28.573586860353984
9.580961333262447,-27.149184707587175
17.873851860640052,-52.11923116459179
10.134636424878153,-27.57395954864273
10.706013827787148,-29.613835405922494
13.366821263238812,-35.48951388172765
14.267749651699159,-40.10208789211505
14.672582923553668,-42.862291508618796
18.501238902147648,-57.7576776462924
11.371929532535718,-31.782330804149876
9.39213724370255,-23.359568306047198
12.528367407323556,-35.34366200781363
18.588876070338095,-52.49822366949832
19.1978165435972,-56.32838958122557
20.946419993562593,-64.9855165535193
11.296900371773996,-30.784932081781736
22.682118178765307,-66.43087663595084
10.292228184448325,-27.597452961508044
16.214843378582163,-47.87291130084562
4.985310534743213,-14.992982477286372
10.91874722321075,-31.87427250143093
8.69095944473666,-21.289129377133623
17.381540152229174,-50.6322068310397
6.238660957383978,-13.49911233753617
22.40369710736981,-65.74323740581261
1.7923511595944248,-3.203231258340795
19.536109337687776,-56.2740632911072
0.9929602825365702,-0.9419884241480996
6.564731791167598,-17.442023779282678
12.881829038133086,-35.46632928773958
8.545057978408723,-22.43115103515847
20.283308169174678,-60.54213196925059
8.938036767923023,-26.38526444988911
18.139258057592752,-50.339895355207126
14.994860032439345,-44.634112142606725
14.554788075327496,-43.92345984653349
14.061946739659563,-41.18801841208716
14.693474882726818,-42.16375220096144
9.953958995130991,-24.97748810780376
10.645475532883731,-28.176086503364598
10.671841017196018,-28.03943620972114
14.545720493351496,-39.91378424868682
10.287620457126481,-27.340076269776663
10.548352367548343,-30.692240370672657
15.058622966721195,-43.89723530440545
22.61893219373745,-68.67682979599746
11.397851671439131,-27.20171255352647
13.138009424808839,-36.04820234828143
14.281514255959443,-39.17653305625341
15.665136101220554,-49.07659095574891
2.807890559681457,-5.247979983787579
16.15660086722301,-47.044756640423735
19.074856273282116,-57.825837414888916
13.36928468140843,-36.68261235577566
19.710469598841897,-61.720377507251804
3.1910152174641606,-6.133982140795085
10.12805415831009,-27.415528446758568
14.462691736925478,-38.58096150366537
4.218425351499004,-11.210188543115963
8.90645537611527,-23.625471136812095
7.620795441623624,-19.308277575750285
9.200232611196274,-26.35234246713905
17.410207998611458,-49.8434479998594
5.89747017556703,-12.601267178241912
13.785259903051303,-40.70532428036535
3.7145077075624133,-4.446476248988223
11.564556939059372,-31.994414754750235
14.962355099262421,-44.778905840264244
28.979544757295848,-91.23660133459197
15.864124937661847,-42.038146937839585
9.951878873361014,-24.447781929347304
2.0481555159898495,2.9898423749517997
11.993119259834968,-33.146140545894376
19.732602434439713,-58.34029532106539
20.78088775886514,-62.09367546151411
15.992495550811777,-46.306804838235976
14.7944786540725,-42.21773844847266
5.607635523041736,-16.22986957061039
18.809506059379217,-57.41539479992822
19.173265156775628,-61.43537271598429
12.948322932286215,-37.38227315275009
7.018239155651281,-17.923561800888237
15.900672539683644,-48.3432507326421
4.175005917585175,-8.433009812046791
7.022370995672705,-17.932927765214203
13.795593069409643,-40.66421508628486
14.711152882769703,-43.91427890972952
4.641303765102318,-9.77962662494123
0.8409849027791179,2.9320937585172913
16.84807442208595,-49.82492632652552
12.270272790556671,-34.27040038911831
12.537320093264572,-36.77296186805814
13.635820161440568,-39.41697763541622
15.311466564051328,-41.35140355795785
4.327412144112861,-7.864253598043557
8.777544115075736,-25.75417073948979
10.405619585671896,-30.652811397391712
5.822030847949485,-13.569577658733001
14.069636320829336,-34.74523729020858
4.604520841970344,-9.674307583862321
20.348097979813804,-61.69982657543305
6.235696162515966,-10.894765286103066
4.51473151546507,-11.343519226967265
15.833573018218562,-47.002933891480865
6.937711097924981,-20.083488968801834
2.6134509799837264,-3.053954061565851
17.607128577629396,-52.35695813770405
15.714143544400105,-47.30505892336855
10.332225583149617,-32.91650546297675
10.458088068532955,-29.05017120743789
14.336209074402781,-42.29360411643918
10.805999069313376,-31.226752588913733
6.453042193387037,-15.909405342811937
3.0790408055789555,-5.6513658221050616
13.818030053849867,-42.42009439899485
17.886692197822285,-46.0311026751424
8.34297535849022,-21.05105468629983
15.253143158737636,-44.924067431065374
11.506000391560486,-26.41344674276685
22.613692940748138,-70.57773871122828
11.938667361760661,-33.86652962571194
23.597798631647667,-71.45360021988795
19.876685296474292,-59.59943618752745
-0.6844466398923288,8.434840022333617
12.184305179354993,-35.90486208820945
14.041541778384682,-42.63962255066953
9.704162564022988,-23.402539421466347
15.48812783997476,-43.08677088274895
22.552178409637694,-69.23514247382809
11.096041498359256,-30.08801591240074
32.26936309633362,-94.75795077070906
10.307016822168508,-26.73434974019384
6.109128675534379,-12.742455172448647
14.340031569327538,-42.56064974884028
6.513262972262501,-15.84118960922044
17.63775085076507,-54.88451685017807
11.996220416704544,-34.28008437292827
-0.04389084446973257,3.6646725868989853
7.339426961169871,-18.154635186524118
13.418535939938907,-37.172664153564085
22.938734592214857,-66.97271392054884
20.472578994764316,-63.27639846380707
18.789384842000892,-55.64010824516685
14.41886440105241,-40.8654603690108
13.450383011338266,-40.7191827506404
16.36389386637957,-46.8400491664894
1.9235882718645456,2.46970207222254
14.211230902642496,-42.845228522688664
12.38464927017926,-32.15080565217331
10.069212565696708,-28.23665403131395
13.202611793052387,-38.006851152814924
9.890689753039869,-30.91512329696932
18.68336648132423,-52.44311651556591
13.197644400549313,-38.95249602983258
12.472242731135996,-34.883382641803074
-0.20041315153138584,4.555359678114725
16.356849063619425,-45.68319926317769
20.796585042072948,-61.096404671212504
12.839407739812806,-36.89764635213076
2.316916674873763,-1.963956253683607
13.866285301171102,-38.950480037904285
8.441596045345065,-23.097018758466657
17.62513457372305,-47.487285810735976
1.473427150975045,2.8983433147506736
12.079967616980955,-35.838807706435674
5.932486322665696,-15.466791825868832
5.7484730773876205,-15.710485621554188
21.36488368588016,-62.62793806281766
19.319039768594514,-56.42741146782175
18.87340681290081,-52.47973094345761
13.035438192089806,-36.46788069278442
8.85244925116495,-23.48243182488664
13.921535588171896,-39.85053159440271
0.4218223103002572,2.779823305506974
8.481578434899676,-23.310551841070676
19.16835668604616,-57.00009625863053
17.1219131638623,-51.20126150431304
19.42807402023229,-57.144402421430776
9.529271989607157,-26.108508270810614
12.800223404137217,-36.00847112289064
11.781147278177874,-32.565538640713335
7.989449475606021,-16.14053366227151
13.96009779531137,-40.1865035350299
17.395608174710475,-49.69441495084759
20.183185776921896,-62.31030357044618
12.649846658056148,-34.718822275779914
24.98228552776938,-72.72951040188866
3.9885653644062806,-7.5202952649325905
10.953440130032202,-28.9316416713926
4.826036651566589,-13.336330646425381
23.74748470600109,-73.66327202753187
13.708516960725422,-38.19312181941562
13.110603406538875,-35.50854162371712
14.871465670750757,-45.45123004309368
10.767102529949216,-28.230731921458773
15.277754928067157,-44.794092441849536
10.404625645155313,-30.68552500540843
12.101470374735994,-34.834105616681725
3.1042183588293764,-6.2963586727777585
21.11083419431934,-61.55540246562389
22.263954806757198,-67.17828488304679
14.280049552010563,-38.94862308836832
28.686216777277917,-85.29302813673051
12.133973492658596,-33.33492136242677
14.265354687083324,-39.40297794334293
16.683818266812583,-50.04116430943496
4.060887497131517,-4.70218471108254
13.924393281852723,-40.77769404782391
17.84040174228516,-53.830571827667654
7.349631309307813,-18.252677759509446
3.0594256845920764,-5.234172806166464
14.18545725212818,-43.70931190143653
14.566505286659801,-42.804796242818675
17.716962446448335,-52.03362492816623
7.19436195698205,-21.007788921043513
10.359141892015419,-30.123049707261895
13.110929651429572,-34.713395210744544
6.406155470342242,-15.47317278704641
18.38434364160218,-53.21301605752868
18.236017846479367,-52.43325895733009
7.632037511014635,-21.619935379364122
7.2210752227360935,-19.170190747339586
6.140339577116034,-20.158345333338268
12.631048073128781,-34.25871181209433
19.74689703433191,-52.47403425248719
17.488525238022525,-50.74733754183417
14.857372414840386,-43.945819958195635
9.20902340489624,-27.051876401493146
14.493200420995613,-42.75839363065212
12.561966458454537,-37.01327778948679
10.073974697462363,-25.981269150655525
22.338009260925237,-67.0385885862682
17.773035572562808,-50.81310602026678
8.004090614576732,-23.23647649810423
8.118091478136463,-20.786928918792746
24.892591248889833,-72.55566642117556
10.729627544276164,-28.353995160991314
11.426773433198953,-33.15823518691504
15.035078887940541,-44.218657259776315
5.621010740158813,-13.156137231879054
22.264609257491394,-63.51116781904676
10.080772147842183,-27.561384077479477
15.132375418098377,-42.1177190794931
15.081531621000284,-46.37620677640831
9.720139835283753,-27.048335035844794
14.027065977691176,-37.67663008431872
13.446621919754623,-38.89465891608122
21.19573853246771,-64.53830001886645
14.958448605176628,-44.53059977963606
4.6597448876371566,-9.277874108659356
19.847152990477532,-57.688040989201546
10.042782571985576,-28.548219013932044
3.5445022673241464,-6.489825718236986
-3.4358227229309115,16.21629655440308
9.496154114475885,-23.299763230743192
12.813516958525911,-36.95897387922275
15.77130961027264,-45.83674459533126
12.745400744053882,-38.084332250718184
6.638311256316989,-13.391120034956746
23.4259863319705,-71.97274576003096
13.520227265301171,-39.813258906677056
19.501278314097274,-54.016076861431486
5.90138815999512,-15.730716939708586
2.348933206493596,1.8677647241910877
13.941718749701286,-41.07202953664773
23.579682777129335,-72.90921550299537
18.2696836956685,-51.02962538361086
13.162594183070702,-36.70828608120475
7.821640720370975,-18.0163424015385
15.214257087601336,-46.77384733851887
11.363214954845736,-32.11285126888894
10.365262917969106,-27.798584496471232
14.506940062349624,-41.75380542871837
10.866567093646818,-29.78907099999312
14.95674263608708,-45.388228888493444
12.084596101362086,-35.20512768906878
19.76682147371505,-58.39463602721744
5.788860165138477,-15.106618486339489
7.6694629284339175,-19.770352936253225
9.504478336474214,-27.186660100734315
18.19624518496014,-53.12252693574344
7.699173191952141,-20.530518834855606
10.298193230886197,-27.285983135584825
11.297424401525896,-34.23427844006337
14.746900469640945,-43.37435371854997
20.17159442053891,-61.75836561998467
17.01783861421739,-50.58902494856909
4.976395491047723,-11.875956998032985
19.510705495716607,-54.562910517646664
9.917910189545948,-23.3746089277264
7.248741025476481,-15.900562141638943
4.740366489032482,-10.634366631622045
15.07079514610946,-45.066200938178696
7.585448586478262,-19.641687331854143
22.342796504152677,-64.10155470119548
7.602127103413334,-16.41957203458811
9.565284656473896,-27.600106310321657
11.278057247333084,-33.14482998962957
-0.60591075545892,7.636049877686238
17.453819610756938,-56.218449235520396
18.08491596879674,-52.38310411897843
21.75717995475149,-61.904642073829834
10.881979003953461,-30.40901219417351
1.9901223419960274,1.897893622366166
16.809624423518798,-51.93224325623479
24.928199047879524,-74.17718742751765
12.131044314569243,-30.367946080807165
16.12793290818964,-48.23797249646864
1.3002157092251565,-0.8751799995306733
15.319317862589262,-49.00449565435207
22.99416032373038,-69.7439998521004
17.979347217679628,-53.03340179478667
10.806767708810844,-30.550738582517862
3.871412831612938,-6.70626886907013
9.982084852352571,-23.27077612191119
14.065391675549073,-40.86596013869124
14.67144446801065,-42.4869129266332
15.049958609770744,-46.37904359295982
22.495668443174466,-67.86297862901988
17.92057614192249,-49.30629613656053
27.85270196128139,-82.92027712615513
9.805529427549917,-24.83855152066814
10.662339648503444,-28.47323767127083
10.194898040513571,-30.75397966044845
15.844258204046843,-45.95480941449131
9.533259814963731,-23.656676667839722
15.049888732903696,-42.70037598409923
2.7082845318890296,-2.9070284273251246
17.13616413125321,-50.842455814280854
6.078802458598898,-14.94152897744505
0.3462218949007543,2.4041654685404366
10.72306474026136,-30.693155691838587
16.342298765204596,-46.9044775840302
8.807548679342432,-21.034364618275646
4.269234387078442,-9.614282368564178
17.44697428558923,-57.154216363689564
22.152015133944673,-66.23360212225798
11.59392621070743,-29.694312390219128
5.5874984867558455,-11.38128170580297
15.163561983138877,-45.31796909701384
18.276033752480316,-53.77834704641116
6.404036493127321,-12.446362813739565
16.017971067490468,-50.1675833214187
16.530374419279706,-45.295756907904746
17.717214413821885,-53.93621712439716
1.3478216833005767,0.46751615638092964
16.834918138680855,-47.99198605720597
27.232146369991646,-81.59045694868665
6.722080636133852,-13.499572495316425
13.78324122240138,-37.03414254670554
14.667840359619863,-41.89987839354572
11.62943505956447,-30.812612408896143
14.17309478573011,-41.93127275620327
5.770827400828026,-12.47754608931027
13.171868462092238,-37.78454607755105
10.587077480795259,-28.36521615623658
14.941534271796273,-41.314991503210315
15.5418581057844,-43.36756251765656
10.585292898396272,-30.512763602750685
4.185942449206388,-10.673557233865079
9.850937830554997,-25.021901196278698
13.91910436857826,-39.68647513007626
11.462923973216634,-34.955699655522544
21.408225969066038,-65.74516868951781
12.222482139473687,-33.20684358337496
18.312423864382424,-57.31586652901177
9.995365593375876,-28.712192526595302
8.861523119496965,-25.64573025515635
17.458548127889628,-49.04378283931746
1.3958679950209891,0.26329499384297117
8.817880631207622,-23.760383610841807
3.41642704122264,-5.952436218533951
16.236899251349424,-48.37385360881434
14.966675484970764,-43.34785118613756
8.915752551985427,-25.14755792622923
-1.6259453649463236,13.749990020294558
14.90032098372549,-45.80430367535856
1.360466610455461,4.881851432218708
6.53375795771707,-18.25227626127651
3.2613904521394783,-3.959708531650107
16.09950679537543,-48.78352072480529
10.98162491118315,-25.55720871493556
12.224490481579007,-38.49296779943793
26.72195756750648,-84.63555331632031
13.189776833946397,-36.56749172965321
12.618499208876923,-34.747823102405086
14.594231867126208,-41.64434530300168
14.195561689982046,-40.54877548996096
11.685819643093588,-29.665544627759793
4.740089460711264,-10.312461617156771
13.390791858406448,-42.1901221622384
0.28739130204987084,6.5865786729349125
15.626128175157666,-42.5198610742252
13.186902353487842,-37.1480126836921
15.226068417582944,-43.10927789865936
14.45035178877767,-38.095045717503666
11.050206016473737,-31.410068224875445
8.6258543005303,-27.041419421247046
16.527245466854858,-50.436113053191505
15.72348687902645,-43.246792172066044
7.979681601643222,-20.905166052828033
12.258424425904673,-33.70317107175117
8.678348565892717,-23.06667933725263
11.469509480748082,-31.131201282810466
8.25327788784074,-20.43883495627273
18.71785639809992,-53.4839202889469
15.025371547557251,-44.157987334975374
8.216228662555991,-23.672582675739065
20.605187773507275,-59.01840199657865
9.715737270894081,-27.342658271460696
14.56885893034401,-42.70383443505206
19.989958536781856,-61.04539261698117
6.195322663213392,-16.482010798449004
18.6135564261359,-54.101525770734476
8.937981052630374,-23.22975185295822
8.816191440885266,-24.647446997171798
21.12165371984746,-65.56059157334174
15.533889128523015,-44.146421493341364
14.838408014334753,-44.625646153442354
18.93773969658586,-54.35812199129488
9.465771014056896,-29.16841464301589
14.150183062014337,-41.500314869236824
6.385109283601336,-17.27970577387218
19.88202963907317,-59.80732159105847
0.8564473479267836,4.380286402229668
11.818310051592684,-33.87341245387692
17.11305450921317,-52.39672915859003
11.675707801448953,-30.00788265329867
3.8684526042280467,-5.915721993726193
15.593232989405163,-47.54335798904906
7.319177518785084,-17.646633121299903
11.462495814902297,-29.57411056634229
23.818461469616356,-70.86639910521453
10.23142104230935,-26.275118543002957
10.112895643971545,-24.50938749325946
16.828960147283333,-50.02843561515916
14.953501435372374,-41.98171416475508
11.392581498195533,-32.524081190952195
14.239922919033035,-43.19495467873904
11.64546895892703,-35.13616294669178
10.697813991144553,-33.189570284336156
14.397540670709551,-42.44021186515906
15.739459217024478,-48.64214714581931
7.302537106683023,-16.805211715051538
14.456842268062083,-45.03879569452502
11.984690387275917,-37.33948609771951
10.340781365758698,-25.300356257290172
12.425391562116852,-33.59444164690755
9.188554940362142,-20.90121631223234
6.286670873856265,-14.250597774584916
9.263460497078814,-26.538656125311203
20.817053291831527,-61.04014825256712
7.388777493827293,-20.249287386106108
12.865531935345658,-36.63984434527103
13.992053069474348,-39.02948605049495
8.886907201381518,-24.098669124675208
5.909951694172946,-13.055257739796456
1.6732894925999844,-0.18594096623821033
16.66746880879177,-48.63163129338777
11.04003949267168,-33.30230402513407
12.027399396783796,-37.26403491190005
14.651044706027406,-41.83749744600459
19.371441711472343,-57.2800729004599
14.664149532547968,-43.89143738242592
19.036006364610582,-56.63818776103737
16.811594408740092,-45.660516132220806
19.20398701265457,-54.85664686555058
17.593051281572826,-51.99804998394775
13.429659024991938,-41.002893539654515
3.4765488878479225,-3.003748250230845
10.953521094844445,-30.184078555406924
2.7721480104975864,-4.1795325925855575
18.963657982867794,-56.42673714394421
19.870841129133378,-56.597675628854724
11.294314550388561,-32.409144351305315
7.386969666031554,-19.702332770883476
2.5108871023351558,-6.577296894352516
16.884580086626702,-49.982973979048836
16.92724344559964,-47.96217557190308
25.646494973406988,-79.02849290150141
14.93183657500046,-44.16768647689499
11.757001983108596,-36.664290649408805
11.933543582757137,-31.827377016568306
1.3020809761402923,-0.6167112633848022
20.55312263690491,-61.944839851536244
5.40080431143576,-8.521421210555044
13.930830428745796,-40.439282816600134
18.579911597231508,-53.410260742325136
10.832322355136464,-28.71266997867615
22.072349412609274,-68.7214828195245
22.08112820490233,-68.84446432261136
12.019909773114344,-31.755706209945348
8.156323637554257,-19.96181178241153
8.874690972492981,-23.416098698052803
14.526475590631517,-39.58324298717237
14.34803434760007,-38.497992096346
9.869719517856574,-25.1603712009512
16.4897660065371,-50.697360064154246
6.138896303912781,-15.258842503831751
18.8565171574009,-56.22538526242136
15.100866376097269,-44.17289050847841
8.697095376169415,-21.887482663236135
14.54902587514737,-40.93630154350919
23.070089526349832,-70.85034230117135
-4.404957998688328,19.60266393529783
6.783875192345631,-12.198007347744891
2.3613113672246833,-0.5882876288058758
26.140718652907896,-77.43489187338608
7.714401098823776,-22.000289502409366
15.76558168423959,-48.288957795641004
18.36801641156589,-51.78565984813011
7.878286609641225,-21.301589419851084
14.47635546709364,-39.93687931843586
13.183744833720626,-34.523618489037894
14.523790215677105,-41.45252765550196
6.909728139439563,-14.462515674308568
10.527897643351615,-30.349981702891565
24.298842187064018,-74.38892498365614
7.77448562019133,-19.84148630485819
4.769384938284963,-9.407248708613134
9.869429756864887,-28.18809923166694
13.959675592609496,-39.04415740944742
6.123613146725705,-17.55335690992795
5.156726384447632,-16.04049831262061
11.75972503089321,-33.053841743230194
22.36238167706974,-66.54421824543095
16.472210390205067,-50.52056711924001
12.361039955481496,-33.70008899220424
15.861827126401833,-46.49533781022641
18.455978583269946,-56.26163821102943
7.150402409680556,-19.421380439954362
15.056139544368712,-41.03730932816976
9.245515627768286,-24.969093761457607
12.148550378892365,-34.03665542666836
10.854603872163091,-30.83873721751222
14.983123512782267,-42.06317034990614
6.486751084320331,-14.30995277227039
13.703826685700843,-36.26454197346111
12.627987874282438,-34.20735015681573
4.697848344187989,-13.917830536529445
4.486532144075571,-9.842930199553276
-1.3992383571205682,9.442415721715678
9.145712519813209,-23.044115058792492
10.771233482988206,-33.19953814921284
6.956308385130542,-18.272773596263416
5.267092890779977,-11.823005174940736
13.56732229393449,-36.21245958210174
20.207409001360894,-58.73979730546056
8.401951340055453,-26.996309052564385
9.821787730756473,-27.063347883216082
14.54497127335793,-39.88334840727673
7.967655635247446,-17.361466901481656
10.830085045301063,-30.513122376086535
14.915273470280448,-42.268739545125435
6.348344056280165,-13.967219923372873
7.094353206471931,-20.062159269180274
13.923032890821805,-35.368109404945585
21.709754801878894,-65.37534612075383
13.771972540169182,-39.471411374673885
26.267794356766824,-76.98295481169897
16.16268057397699,-43.45296580805244
10.197480947685383,-26.024831832944987
10.282279171289613,-29.666205626948255
23.644615366049603,-72.57621194013646
11.744285191700918,-31.825033860423417
6.73625636809786,-13.518640583772964
20.2950289189516,-60.19550799744644
9.668112003901172,-25.592721222204286
13.815326207676058,-40.51557092026596
15.861075105997426,-45.22676102852021
17.544898535261183,-53.32105895699972
21.50688847153376,-64.05576309728892
14.269582865175881,-44.048693044407564
19.4618638311782,-56.0287632809944
8.89535849992821,-25.97980774829899
11.853170641802164,-33.022317454320564
6.059351047226995,-15.473106431779252
8.094364789741423,-20.51123857463088
21.584162306290477,-63.798985802826195
11.35640292848482,-30.287107922170506
15.735248044102214,-47.15709580416915
10.07792203801537,-26.885220848184343
11.42256535868283,-31.49121489534147
15.399735846477643,-45.677721102326124
16.955596305677357,-51.23715209977925
6.228008180902355,-13.935392927482672
17.560878769053684,-49.87742194332072
7.4119518627190715,-19.712066675687613
15.82478462417896,-47.59090168526994
12.840829661929146,-37.16504162441048
